{
  "accuracy": [
    0.4196428656578064,
    0.6339285969734192,
    0.7232142686843872,
    0.7723214030265808,
    0.7991071343421936,
    0.8303571343421936,
    0.9330357313156128,
    0.9419642686843872,
    0.9598214030265808,
    0.9732142686843872,
    0.9776785969734192
  ],
  "loss": [
    2.0001280307769775,
    0.9778127074241638,
    0.7293400764465332,
    0.591134250164032,
    0.4918659031391144,
    0.4219367504119873,
    0.17061887681484222,
    0.16105404496192932,
    0.12329258024692535,
    0.08063698559999466,
    0.07607097923755646
  ],
  "val_accuracy": [
    0.25,
    0.25,
    0.25,
    0.25,
    0.25,
    0.25,
    0.25,
    0.25,
    0.25,
    0.25,
    0.25
  ],
  "val_loss": [
    1.6198158264160156,
    1.8281810283660889,
    1.8651059865951538,
    2.152921199798584,
    3.401047945022583,
    4.877858638763428,
    5.663852214813232,
    6.494305610656738,
    6.923580646514893,
    7.6876540184021,
    8.5200777053833
  ],
  "learning_rate": [
    0.0010000000474974513,
    0.0010000000474974513,
    0.0010000000474974513,
    0.0010000000474974513,
    0.0010000000474974513,
    0.0010000000474974513,
    0.0005000000237487257,
    0.0005000000237487257,
    0.0005000000237487257,
    0.0005000000237487257,
    0.0005000000237487257
  ]
}