{"loss": [0.9410125613212585, 0.6114692091941833, 0.5880270004272461, 0.4938121438026428, 0.4467601180076599, 0.47714298963546753, 0.3903265595436096, 0.34939998388290405, 0.3419508934020996, 0.3816068768501282, 0.3469139337539673], "accuracy": [0.6926407217979431, 0.7748917937278748, 0.790043294429779, 0.798701286315918, 0.8246753215789795, 0.8030303120613098, 0.8398268222808838, 0.8528138399124146, 0.8398268222808838, 0.8246753215789795, 0.8290043473243713], "val_loss": [1.3746002912521362, 1.462323784828186, 1.6917750835418701, 1.4914230108261108, 2.0541162490844727, 2.1944704055786133, 2.7372007369995117, 3.116748571395874, 3.3975491523742676, 3.749387741088867, 3.77168345451355], "val_accuracy": [0.16161616146564484, 0.16161616146564484, 0.17171716690063477, 0.16161616146564484, 0.16161616146564484, 0.16161616146564484, 0.16161616146564484, 0.17171716690063477, 0.19191919267177582, 0.16161616146564484, 0.1515151560306549]}