{
  "dataset_name": "改良データセット",
  "analysis_timestamp": "2025-10-22 23:44:19",
  "basic_statistics": {
    "total_samples": 1080,
    "avg_quality": 0.9271700777389008,
    "quality_std": 0.05798308071927725,
    "defect_area_mean": 3.109561608595418,
    "defect_area_std": 2.1488546900585224,
    "circularity_mean": 0.9602291759941118,
    "concentricity_mean": 0.014396479753618253
  },
  "defect_distribution": {
    "distribution": {
      "normal": 0.46296296296296297,
      "black_spot": 0.18518518518518517,
      "short_circuit": 0.16666666666666666,
      "foreign_matter": 0.18518518518518517
    },
    "diversity_score": 1.0,
    "most_common_defect": "normal",
    "least_common_defect": "short_circuit"
  },
  "quality_metrics": {
    "quality_grade": "A",
    "consistency": 0.9420169192807227,
    "high_quality_ratio": 0.962037037037037
  },
  "data_balance": {
    "balance_score": 0.36,
    "imbalance_ratio": 1.8518518518518519,
    "is_balanced": false
  },
  "recommendations": [
    "データバランスの改善が必要（不均衡比: 1.85）"
  ]
}