{
  "accuracy": [
    0.37195122241973877,
    0.4375,
    0.5670731663703918,
    0.625,
    0.565040647983551,
    0.4375,
    0.5365853905677795,
    0.6875,
    0.5508130192756653,
    0.5,
    0.5447154641151428,
    0.5625,
    0.5711382031440735,
    0.4375,
    0.5284552574157715,
    0.75
  ],
  "loss": [
    1.7744706869125366,
    2.3544867038726807,
    1.6038448810577393,
    1.149871826171875,
    1.5548514127731323,
    1.9042341709136963,
    1.5444953441619873,
    1.52146577835083,
    1.495492935180664,
    1.868438959121704,
    1.4771950244903564,
    1.817603588104248,
    1.4632350206375122,
    1.7859827280044556,
    1.512910008430481,
    1.0068275928497314
  ],
  "val_accuracy": [
    0.6614173054695129,
    0.6614173054695129,
    0.6614173054695129,
    0.6614173054695129,
    0.6614173054695129,
    0.6614173054695129,
    0.6614173054695129,
    0.6614173054695129,
    0.6614173054695129,
    0.6614173054695129,
    0.6614173054695129,
    0.6614173054695129,
    0.6614173054695129,
    0.6614173054695129,
    0.6614173054695129,
    0.6614173054695129
  ],
  "val_loss": [
    1.0923973321914673,
    1.0888344049453735,
    1.0117664337158203,
    1.0119866132736206,
    1.1169613599777222,
    1.1088502407073975,
    1.2972710132598877,
    1.2882999181747437,
    1.482330083847046,
    1.4719640016555786,
    1.7648379802703857,
    1.7535572052001953,
    2.0116500854492188,
    2.046950340270996,
    2.155437707901001,
    2.121081829071045
  ],
  "learning_rate": [
    9.999999747378752e-05,
    9.999999747378752e-05,
    9.999999747378752e-05,
    9.999999747378752e-05,
    9.999999747378752e-05,
    9.999999747378752e-05,
    9.999999747378752e-05,
    9.999999747378752e-05,
    9.999999747378752e-05,
    9.999999747378752e-05,
    2.9999999242136255e-05,
    2.9999999242136255e-05,
    2.9999999242136255e-05,
    2.9999999242136255e-05,
    2.9999999242136255e-05,
    2.9999999242136255e-05
  ]
}